userName,at,score,content
zainun abidin,6/30/2024 22:10,5,Terimakasih
Adek Charissa,6/30/2024 11:18,5,bermanfaat
Enggome Laturang,6/29/2024 22:23,5,"Bagus dan kalau bisa transfer ke bank lain biayanya lebih murah, jangan sampai 6500 biar bisa bersaing dengan bank lain. Aplikasi sudah lumayan bagus dan Bisa di tingkatkan lagi. Nominal isi pulsa dikurangi lagi jangan hanya 25 Ribu yg terkecil, maunya ada 10, 15, 20, 30, 40, 50, dan lain lain"
Fahrol Roxi,6/29/2024 1:45,2,Aku kok gak bisa daftar sendiri ya.. Apa harus daftar gmail dulu di bank aceh nya. Soalnya saat bikin kartu ATM kemarin gak di minta gmail saya. Mohon penjelasannya
celeng calaeng2,6/28/2024 19:58,4,Mantap
Ade Pahlawan,6/28/2024 16:44,5,Awesome
Wardiah Ali,6/28/2024 13:40,5,Baik
Ismi Dalifah,6/28/2024 8:03,5,"Terimakasih, untuk semakin canggih perlindungan terhadap nasabah .. agar nasabah aman dari . kejahatan bank"
Safariah Aceh,6/28/2024 6:55,5,Bank aceh ok
Albert Solo,6/27/2024 22:56,3,"Semoga ada fitur buat rekening di bank Aceh syariah , biar banyak yang tertarik menjadi nasabah . Sayangnya belum ada kantor cabangnya di Jawa Tengah maupun di Kantor cabangnya baru ada di Medan dan Jakarta , serta di Aceh . Perlu segera di update layanan mobile bankingnya."
Rosna M,6/27/2024 20:46,4,Bagus untuk berkhazanah Aceh
Ahmad Jasani,6/27/2024 17:11,5,Sangat membantu saya dalam berintaraksi dengan menggunakan aplikasi action mobile banking ini.
Suwardi Calang,6/27/2024 16:52,5,Mantap dan sukses selalu Bank Aceh Syariah
Ahmad Muhtar,6/27/2024 15:29,4,"Perintah aplikasi untuk uninstall, ketika uninstall malah lama banget.."
Cek Wan,6/26/2024 15:49,5,"Mantab, sangat membantu. Tapi maaf, kenapa sekarang agak susah di Buka Action Bank Aceh. Mohon petunjuk"
Ros Diana,6/26/2024 7:07,4,Bagus.
Yuli Wahyuna,6/24/2024 1:55,5,Bagus
Anshar Mca,6/22/2024 16:18,3,Ganti perangkat kenapa tetap error apa harus tetap ke bank terdekat?
Armand Ghifary,6/21/2024 7:45,5,Sangat bermanfaat
M. Ramadi,6/21/2024 0:09,4,Pelayanan yang ramah
Tgk Albayani,6/16/2024 9:26,5,Bagus sekali!
Axlerod Gaming PlayStation,6/15/2024 8:05,2,"Sistem yang menurut saya sangat tidak efektif di era digital sekarang ini untuk menggunakan fitur lupa username , mpin, dan password tidak bisa langsung digunakan bahkan udah isi data dengan betul2 keluar notifikasi data tidak ditemukan, apanya yg tidak ditemukan nomor ATM di depan mata layanan pelanggan dibilang data tidak ditemukan. Baru setingkat bank provinsi aja susah kali bikin sistem OTP, mau aja kalah sama bank nasional lucu kali sistem nya, suka kali bikin masyarakat antri ke bank"
Mus Takim,6/14/2024 22:29,5,Bagus
Abd Rauf,6/14/2024 14:07,5,"Sangat Bagus, Mohon Di Tingkatkan Lagi"
Maulida Fitri,6/14/2024 10:50,5,Terimakasih Mohon Di Tingkatkan Lagi
Nikmah Daling Nikmah Daling,6/14/2024 8:45,5,Aplikasi sangat berguna
Dea Hafnizar,6/13/2024 13:10,4,Sangat2 Berguna dan Solusi Terbaik Dengan Sistem Tarik Tanpa Kartu Sangat2 Mempermudah Walapun Tanpa Kartu. Terimakasih Bank Aceh Semoga Smakin Jaya dan Semakin Melahirkan Kacanggihan Yg Lebih Bermanfaat Lagi...
Sopiah Takengon,6/12/2024 9:34,5,Semoga Tambah Berkembang dan Bersaing Dengan Bank Lain Terimakasih â˜º
Aceh Tamiang,6/10/2024 20:11,1,sudah selesai di download tapi kok gak bisaÂ² terbuka aplikasi nya..?
CHARLIE Jr PURBA,6/10/2024 0:03,3,Daftar riwayat Transaksi masuk kenapa gak bisa dilihat ya? Gimana caranya ? Pusing menggunakannya.
roswita yacob,6/9/2024 20:06,5,OK
Anas Mudawar,6/7/2024 16:37,3,Setelah tukar hp data saya tidak bisa login
salam pemula,6/7/2024 1:40,1,Tambahkan metode daftar rekening baru bisa melalui action mobile atau secara online ... Supaya lebih mudah bagi yang ingin membuka tabungan baru di bank aceh..
eka dariwulan,6/6/2024 12:19,5,Bank aceh terdepan dan terpercaya
Afriadi AMK,6/6/2024 10:42,5,Aceh Mantap
Masriadi Zk,6/5/2024 22:47,5,Assalamualaikum..
PUBLIK M,6/4/2024 12:50,1,Saya kirim uang. Sudah terkirim dari saya ada label nya juga. Tapi uangnya tidak masuk Dan saldo saya ke potong
Tiara Nabilla,6/3/2024 17:39,4,"Mohon utk fitur top up nya dana dibuat , susah kalau mau top up dana ga bisa dari Bank Aceh"
Muhammad Wislam,6/3/2024 12:11,1,Dowload nya lama
Suherman Sinaga,6/2/2024 17:24,5,Mantap
Rya Nadri,6/1/2024 11:36,2,"Saya tidak bisa melakukan transaksi untuk transfer ke rekening lain. Padahal saldo saya ada, tapi ketika saya melakukan transaksi saldo saya tidak cukup katanya."
Apis Pis,5/29/2024 23:37,2,Ok
Sapri,5/28/2024 17:59,5,Sangat bagus. Semoga ditingkatkan lagi to up dana.
Abdul Majid. SE,5/22/2024 9:19,5,Nyaman dan nyaman.
Eri Sartika,5/21/2024 18:08,5,Sangat bagus
finawahyuni wahyuni,5/21/2024 9:47,5,Baik bagus
Heri Nurwandi,5/20/2024 11:38,4,kalau bisa bisa ditambah fitur untuk lihat poin seulanga jangan lihat poin seulanga harus ke bank. terimakasih semoga makin baik
kamal satria,5/17/2024 19:26,1,Pin saya uda benar. Tapi kok salah di aplikasi nya Sampe akhir nya kena blokiran
Tari,5/14/2024 23:34,3,"Aplikasi nya jelek bgt , kadang apk nya susah dibuka dan lama loading masa harus pakai wifi baru bisa.. padahal pas buka apk mobile mobile banking lain aman2 saja jaringannya"
Khairullah Arul,5/14/2024 21:12,5,Selama ada action mobile . saya sangat senang dan bisa saya cek langsung terbaik mantap..
Li Na,5/14/2024 11:49,5,bank aceh makin berkembang
aDiets,5/14/2024 9:31,1,telepon saya atur ulang install lagi ga bisa harus ke bank pas ke bank diminta buku rekening .. antrinya lama lagi .. padahal bank lain ga harus ke bank buat mobile bankingnya .. Bank yang ribet dari zaman ke zaman dan pegawainya banyak angkuh pelayanan ga ramah
Uliya Hanum,5/7/2024 14:37,1,Bagus
sumiati,5/7/2024 12:00,5,"Saya gagal unduh resi, katanya aktifkan perizinan, sedangkan untuk action perizinan sudah saya aktifkan semua, tapi tetap gagal unduh resi, mohon solusinya."
Muslim Hasan,5/4/2024 15:12,5,Terbaik dan termurah
Heguna,5/3/2024 23:53,5,Bagus
Culun Mamank,5/2/2024 14:47,2,Kenapa ya saya unduh habis itu pas masuk layarnya berhenti warna abu abu terus?
Ananda Yudi Rizki,5/1/2024 23:49,1,Masa kita udh daftar tapi gk bisa login lgi di perangkat lain
maimun mun,5/1/2024 0:41,5,Sangat bermanfaat dan bagus
halimatus,4/29/2024 9:02,5,Bank Aceh makin berkembang
Makanan Jalanan,4/26/2024 15:30,1,"Sulit banget ini aplikasi, mau login ke hp lain aja harus lapor dulu, terus kalau hp hilang gimana coba, bodoh nya ribet banget ini aplikasi"
Wahyudi Adami,4/22/2024 23:43,5,tambakan opsi top up dana
Amrizal Aam,4/20/2024 18:53,4,Bank Aceh Syariah Bank Kepercayaan
Muharir,4/19/2024 16:46,5,Mantap
Nur Laila,4/19/2024 11:55,5,Bank Aceh makin berkembang
Juhursyah Syah,4/18/2024 15:48,1,Gak bisa login
M. Ruli Al Hafidhat,4/17/2024 21:21,5,Bank Lokal Terbaik
Efa lia Riana,4/17/2024 10:31,5,luar biasa
edi awan,4/15/2024 16:42,4,Tolong di tingkatkan agar bisa top up Dana
Samsul bahri Samsul,4/15/2024 5:08,3,Kenapa ATM saya tidak bisa di daftar
Fauzimnur Fauzi,4/13/2024 13:23,5,Terpercaya
zulfikar zul,4/13/2024 0:48,5,Sangat memuaskan
Lampung 12,4/9/2024 6:51,1,"Padahal saya sudah mendaftar ke bank Aceh untuk pembuatan mobile banking , karna ganti hp tidak lagi bisa masuk , alasan pihak bank begini begitu lah"
M. IKHSAN HARASYI,4/9/2024 1:07,4,"kecewa bgt , temen ngirim uang THR melalui Line bank tapi saldonya tidak masuk sampai sekarang , dan daftar riwayat transaksi nya juga tidak ada pada tgl 8 - 9 April 2024 ini , kecewa sih dengan pengalaman nya , soalnya lg butuh duit juga malah error gini , slip bukti transfer nya juga masih ada , apakah ada solusinya dari pihak bank aceh?"
Rafif Farhan,4/8/2024 13:33,5,Nice
muhammad redha,4/7/2024 4:54,5,Lama menanti .. terus semangat .. Jaya Bank Aceh..
Ellie Minami,4/5/2024 20:45,5,"untuk pembayaran sudah bagus . mohon untuk tambahan fitur uang yang masuk ke rekening , karena sulit untuk melihat riwayat yang masuk , terimakasih."
Muksal Arkandy,4/5/2024 15:35,4,mau unduh resi malah keluar
Rivi Ayudha,4/4/2024 10:26,4,"Maaf mau tanya kalau mau daftar Mobile Banking tapi nomor yg lama terblokir bagaimana ,, tolong informasi nya yaðŸ™"
ikhsan atjeh15,4/4/2024 9:01,4,Mau nanya min .. apakah Action saat ini tidak bisa utk simpan bukti pada HP itel S23+..?
Doelhr Harun,4/4/2024 7:29,4,kenapa di Bank ACEH SYARIAH tdk ada top up ke akun dana tlg di tingkatkan terimakasih
marsha 666,4/4/2024 2:26,1,pulsa gua uda sehari semalem dua kali kagak masuk masuk.. saldo gua di potong ..
Juni Basrijal,4/3/2024 20:37,4,Belum lengkap klo belum bisa top up DANA di apk action mobile ini Mohon sediakan juga top up dana Terimakasih
Hasanul Gusni Gunawan,4/3/2024 19:05,3,"Untuk penggantian device harus datang ke kantor cabang, sedangkan di pangkalan kerinci tidak ada bank aceh, mohon pengembangan seperti mobile banking lainnya yang bisa ganti device tanpa harus ke kantor cabang , soalnya selain jarak , waktu pun tidak ada kecuali hari libur"
Suri Yani,4/1/2024 14:54,5,Keren Memudahkan
Imam Aulia Putra,3/30/2024 14:45,4,Daftarnya apa harus ke bank dulu?
askia zulaikha,3/25/2024 18:44,1,Aplikasi Jelek. Mau ganti perangkat aja dipersulit Tdk seperti bank tetangga .. pikirkanlah bagaimana solusi terbaik Spt bank lainnya.. gak perlu datang ke layanan pelanggan utk ganti perangkat..
Insafuddin Iyan,3/24/2024 15:54,5,Bes
M. Andika Andreansyah,3/22/2024 13:32,1,Sulit aplikasi nya saat abis atur ulang hp untuk daftar ulang akunnya harus ke bank aceh
Lamteh Ajalah,3/21/2024 23:55,5,5 bintang sebagai bentuk dukungan dari saya..
K.Z Projeck,3/21/2024 17:27,5,Resi gagal di unduh. Sudah beberapa kali di coba dengan berbagai HP tetap saja tidak bisa di unduh.
cempala bijak,3/15/2024 12:05,5,Sangat membantu
Eko Rianto,3/15/2024 4:46,2,Saya nasabah baru gimana caranya kalau ganti perangkat
Munawar Khalil,3/14/2024 11:37,5,Mantap
Munir Khanz02,3/13/2024 5:50,5,Mantap pakai action mobile
Tgk ismuha idris,3/11/2024 10:21,5,Kalau kata sandi di blokir bagaimana cara bukanya
Laksamana Muda NEWS,3/10/2024 5:06,5,OK
Dasi Gantung,3/9/2024 22:52,1,"banyak bug , transaksi gagal sering bug"
Nora Aini,3/9/2024 10:52,1,Ada apa dengan Mobile banking Bank Aceh ya? Berkali kali gak bisa. Padahal lagi urusan penting. Tolong segera perbaiki dong.
Faisal Marzuki,3/1/2024 19:43,5,Mantap
topan aja,3/1/2024 10:41,4,apakah login Action harus tabungan yg punya kartu ATM?
jemi. civil05,2/29/2024 17:47,5,Baik
SAFRIZAL,2/26/2024 11:28,5,Sangat mendukung dan membantu Pokoknya keren banget ðŸ‘ðŸ‘ðŸ‘
vifitri ani,2/22/2024 10:34,5,Mantap
CUT NURUL FATHIA,2/21/2024 14:31,1,"Sangat kecewa dengan pelayanan bank besar seperti bank aceh ini. Sudah seminggu dan sudah 10 tempat saya pergi untuk urus ATM yg sudah kadaluarsa, dan semua beralasan STOK ATM HABIS.. Masa sekelas bank aceh bisa2 nya kehabisan stok ATM dan jika pun habis mengapa seperti tidak ada usaha untuk mengadakan kembali Stok ATM yg sudah habis. Kacau"
EVI SURYANI,2/21/2024 5:47,5,Keren sekali
Nasa Nst,2/20/2024 8:25,3,Tolong sering2 diupgrade dong... Terutama tambah top up apk Dana.
Cek Mus,2/20/2024 0:14,5,Ok
Marlina Mahmud,2/19/2024 14:16,2,Jarang sekali Update takut akan keamanannya.
Afri Yanti,2/15/2024 22:34,5,Sangat puas
Saiful Hadi,2/14/2024 20:25,4,"Assalamualaikum kenapa aplikasinya tidak bisa dibuka ya, layarnya nampak hitam?"
yanti jamil,2/13/2024 17:19,3,"Sejak masuk THN 2024 action mobile punya saya gak bisa transfer ke bank lain padahal di thn2 sebelumnya TDK ada kendala apa2, mohon pencerahannya."
Aroell Aroell,2/13/2024 12:30,3,Kenapa kalo saya unduh resi pengiriman selalu gagal Apa action mobile sedang gangguan
Go Iqbal,2/9/2024 13:03,4,Kok fitur top up dana masih belum ada ? Gak mau berkembang ya ?
Azhar Azhar,2/6/2024 22:48,1,"Assalamualaikum, izin tanya sebenarnya saya sudah lama pakek Action Mobile Bank Aceh. Tapi Kenapa saya lihat dalam beberapa minggu Ini susah banget utk akses masuk aplikasinya, jangan kan utk tranfer atau cek saldo. Buka aplikasi action aja tidak bisa. Mohon bantuan dan informasinya terimakasih."
Abdur Rahman,2/6/2024 10:03,2,Mohon di update agar bisa tranfer ke apk dana seperti banking lain nya
roster mania,2/5/2024 23:32,2,Sulit waktu ganti perangkat .... harus ke bank lagi … zaman sdh online nih
"sartika, SP",2/5/2024 16:05,1,Sering gak loading lambat
Cut Novita Sari,2/2/2024 17:55,1,Daftar status kartu harus aktif
Bung Atlas351,2/2/2024 10:05,5,Membantu
Ndaru Adji,2/1/2024 15:50,2,"Maaf sebelumnya min , apakah aplikasi action sedang ada gangguan ? Karena ketika saya buka dan login , loading nya lama banget. Tidak seperti biasanya yg cepat ketika dibuka , sinyal atau jaringan saya pun bagus ""  saja"
KANG BANTAI,1/31/2024 12:27,1,Cara daftarnya gimana ya masa blm punya rekening sudah di minta kartu ATM maksudnya gimana ini
anwar zainuddin,1/28/2024 13:38,5,Sangat baik..ðŸ‘
Muhammad ibaLe,1/27/2024 16:55,5,tambahin top up DANA min
Melza Maulana,1/27/2024 0:43,1,Aplikasi sering error transfer uang gagal cuman saldo di rekening terpotong
Jafar Abdul Ghoffar,1/26/2024 6:47,3,"Sebetulnya aplikasi sudah oke , fitur fitur sangat membantu sekali untuk keseharian meskipun saya sedang berada di luar Aceh. Tapi untuk proses pergantian perangkat masih perlu ke cabang terdekat , padahal bisa menggunakan OTP atau sejenis yang bisa memudahkan. Saat ini saya jadi tidak dapat menggunakannya lagi karena sudah di ganti di perangkat lama dan harus ke kantor cabang dulu."
Khairul Anwar,1/25/2024 22:40,3,"Tolong ditambah fitur DEPOSITO ONLINE, akun virtual, DAN TOP UP DANA,"
Nufus 88,1/25/2024 19:41,4,Kenapa setelah melakukan transaksi tidak bisa unduh resi?
ummu pulungan,1/21/2024 22:29,1,Mobile banking sudah tidak bisa dibuka lagi
Muhammad Marjono Marjon,1/21/2024 18:35,5,Sangat mudah di pakai
musfe 18,1/20/2024 10:06,1,"Rekening saya mati sudah lama gak ada transaksi , kantor cabang jauh dari rumah saya, mohon segera ada fitur buka rekening mati melalui Mobile Action"
Riva Sbg,1/19/2024 13:42,5,Mantap
Ir Wanda,1/19/2024 12:39,5,Tolong di tambah fitur top up dana nya dong
Nasir Bako,1/15/2024 22:10,5,Mantap
News cell,1/15/2024 14:39,1,"Ganti perangkat action harus bolak balik bank selama 2 hari, tolong diperbaiki biar bisa ganti perangkat mandiri"
hasanuddin hasan,1/15/2024 7:44,3,Uang di kirim dari gopay ke bank aceh gak bisa masuk ada kendala tolong diperbaiki. Terimakasih
Hendrik Sj,1/13/2024 13:27,4,Kenapa tidak bisa di buka aplikasinya
Teungku IRWANSYAH,1/13/2024 7:26,5,"Action bank Aceh terus mengalami peningkatan dan kemajuan, dan sangat membantu masyarakat dalam aktivitas sehari hari.. terimakasih"
Akbar Tanjung,1/12/2024 16:03,1,"Sering error , harusnya bisa bersaing dengan kompetitor lainnya"
Frendiks Gulo,1/9/2024 7:28,1,"Aplikasi tidak baik, saya transfer uang 24.800.000 ke Bank Syariah Indonesia saldo terpotong dana tidak masuk ke rekening tujuan , lapor ke layanan pelanggan C2401.0302, keterangan gagal tapi dana Tidak kembali ke saldo, tunggu 14 hari, itu uang kita butuh bukan ditahan oleh BANK, semakin tidak percaya dengan Bank Aceh, segera diperbaiki"
santi handayani,1/8/2024 10:50,5,bagus
Masdi Masdi,1/7/2024 21:23,5,TwitterðŸ¦ðŸ¦ Circle ðŸ†•
Zainal Monraf,1/5/2024 20:27,5,"Bagus pelayanannya , keamanannya pun terjamin"
Juwa Riah,1/4/2024 22:28,5,Mohon sering di update mobile banking action Aceh. Ada peningkatan. Sering kali setiap uang yang masuk rekening tapi tidak terbaca di mobile nya action. Jadi untuk apa juga ada mobile kalau tidak terbaca duit masuk . Mohon lebih bagus lagi kedepan jangan asal ada mobile aja. Biar lebih bermanfaat
hasima bisra yoga,1/4/2024 21:14,2,kenapa aku daftar rekening bisa ya
Gayo Squad,1/4/2024 12:26,5,Nice
Muhammad Bachraini,1/4/2024 8:11,3,Bintang nya segini dulu. Kapan nih bisa top up wallet ke Dana?
Mas Adi,1/3/2024 21:09,3,"Setelah melakukan pembelian token listrik , lihat kode tokennya dimana ? Terimakasih"
Darmis anak rantau,1/2/2024 17:20,1,Sudah dua hari saya tidak bisa lakukan transaksi .. Selalu bilang saldo tidak ada .. Padahal uang ada di rekening saya.. Kesal juga karena saya sekarang berada di luar daerah Aceh
Lia Delia17,1/2/2024 14:26,5,"Dengan action mobil jadi lebih mudah, mohon untuk ditambahkan lagi fiturnya biar semua jadi lebih lebih mudah lagi. Terimakasih"
Rasya Alfatah,1/2/2024 9:44,3,Cacat saat pembaharuan tombol download nya tidak berjalan padahal kuota saya sudah terpotong
Mas Andi Is,1/1/2024 15:15,1,Tidak bisa berjalan di telepon android saya
suyud satriyo,12/28/2023 19:12,5,Bagus
hell boy,12/28/2023 10:47,5,Bank Aceh semakin berkembang
rara aa,12/27/2023 11:40,1,"aplikasi nya enggak bisa dibuka , kecewa banget"
M Ali Rasyid,12/25/2023 19:59,5,Mantap
Halimatun Nisa,12/25/2023 6:37,3,Saya tiba2 malam tadi tdk bisa akses action bank. Tiba2 password di blokir. Itu bagaimana ya. Saya sdh kirim email tapi blm ada respon. Saya takut tabungan saya hilang karena saya enggak bisa akses
Hana perle,12/22/2023 5:41,1,"seandainya aplikasi tidak sengaja teruninstal atau smartphone nya kita atur ulang pabrik, ketika install ulang aplikasi action mobile nya pasti ada notifikasi yg mengharuskan kita untuk harus aktivasi ulang DI KANTOR CABANG terdekat, dan itu sangat2 merepotkan, seharusnya aktivasi ulang dipermudan seperti aplikasi mobile banking lain nya , hanya isi data , selfie dan selesai aplikasi bisa di gunakan kembali , MUDAH2 UPDATE KEDEPAN bisa lebih baik lagi.ðŸ™ðŸ™ðŸ™"
Akbar Anfasa,12/21/2023 20:27,5,"Sungguh sangat membantu, dan mempermudah keuangan"
Yane Ahmad,12/21/2023 11:30,5,Ok
Azmi Azmi,12/21/2023 10:24,5,Bank Aceh syariah semakin berkembang
Dumy tolen,12/20/2023 12:23,5,Ok lah
Kamalia Malsa,12/20/2023 9:26,5,bermanfaat
Ibu Nurul,12/19/2023 13:30,5,Bank aceh syariah makin berkembang lebih maju
Aries,12/19/2023 8:10,3,Disuruh update tapi kok gak bisa
Emy Tkn,12/18/2023 14:13,1,"Bentar2 update, perasaan baru 3 minggu yg lalu saya update dah minta di update lagi"
Aceh Malaka,12/16/2023 23:50,5,Mantap
Ernasari Lase,12/16/2023 10:44,2,"maaf kasih bintang 2, aplikasinya bagus tapi entah kenapa hari ini tidak bisa di buka, 1 jam tungguin apk nya malah gk login , anehðŸ˜ª"
muntazar taza,12/15/2023 22:33,1,masih banyak belum lengkap dan kurang
H454N Trumon,12/15/2023 17:51,4,Saya ganti perangkat. Sesudah instal aplikasi ini kurang berjalan di samsung A54 saya.
Erna Yunidar,12/15/2023 12:33,5,Mudah di akses dan bisa dimana sajaðŸ‘
justiawati hamid,12/15/2023 10:02,5,Ok
chairil anwar,12/15/2023 10:01,5,"Mantap... Mudah , lancar dan cepat"
Izen Sugiono,12/14/2023 13:52,5,Oke
Ibnu Hajar (Ibnu),12/14/2023 13:03,5,aplikasi action mobile mantap
Kanaya Kanaya,12/14/2023 12:17,1,"Tiba tiba enggak bisa akses Action Mobile, di update juga tidak bisa apa yg harus kami lakukan."
Rifatul Husna,12/14/2023 10:56,5,Dengan adanya action mobile sangat praktis dan mudah
Ida Wati,12/13/2023 22:09,2,sebentar sebentar tidak bisa dibuka
Flo Rizal,12/13/2023 22:07,5,Lumayan bagus
Zarr Channel,12/13/2023 18:36,5,Aplikasi yg sangat membantu . cuma kedepan nya tolong di perbaiki bug yg terjadi di dalam aplikasi.
Rayyan Alfarizkqi,12/13/2023 16:40,5,Mantap
Darul Amin Simeulue,12/13/2023 15:24,5,Sangat membantu di segala hal
rismawan syah,12/13/2023 11:38,2,"Mau update ke versi baru tapi malah keluar notifikasi "" Tidak dapat menginstal Action Mobile "" ini solusinya gimana ya?? Padahal lagi perlu mobile banking"
Ida Rahmi,12/13/2023 9:40,4,Bagus sangat membantu saya action mobile
Sri Mulyani,12/13/2023 8:26,5,ðŸ‘
Ikha Wani,12/13/2023 7:56,5,Aceh niboss
Srinofita Afrianty05,12/13/2023 7:37,1,"Diminta update, tapi gak bisa bisa"
aidissaputra,12/12/2023 23:11,3,"kenapa gak bisa di update ya di hp saya , padahal kemaren enakÂ² saja waktu buka dan update nya"
Muhammad Nazir N,12/12/2023 22:28,5,Beres
Mulyadi,12/12/2023 20:59,5,Sangat bermanfaat
Nazaruddin Idris,12/12/2023 19:43,4,lumayan sudah ada tambahan
Ismi Cici Pandini,12/12/2023 19:20,5,Mantap
Fery Verdian,12/12/2023 18:58,5,Nice Service.. tq
helmi se,12/12/2023 18:49,5,Bagus sangat membantu untuk kerja
Salma Simahate,12/12/2023 14:20,2,Baru di upgrade 3 hari lalu. Masa upgrade lagi
Muhammad Alif Alwi,12/12/2023 12:30,5,"sangat mempermudah transaksi, semoga kedepannya bank aceh semakin berjaya untuk masa depan aceh â¤ï¸â™¥ï¸"
romi fasla,12/12/2023 12:19,5,Tops
Teuku Muhammad Umri Ubit,12/12/2023 11:21,5,Sangat Membantu dalam melakukan Pekerjaan berkaitan perbankan
Ibnar Rusydisanusi,12/11/2023 13:30,5,Bereh
Deddie Lesmn,12/11/2023 0:10,2,"Tidak bisa dibuka pada android 8.1, padahal katanya support sampai ke android 7"
Raja Maulidin,12/8/2023 20:51,4,"untuk bank aceh, permintaan dari saya, tolong di menu top up di tambahin shoopepay juga"
Bayu Samudra Rifa,12/7/2023 21:46,1,"Fitur TopUp E-wallet nge BUG seperti nya, masa keluar notifikasi ' Koneksi terputus , silahkan cek saldo anda sebelum melakukan transaksi ' ketika TopUp GoPay. Jika TopUp OVO atau LinkAja malah keluar Notifikasi Peringatan ( hilang ) tidak ada teks apapun. sangat membuat tidak nyaman."
Mawardi Ardi,12/7/2023 20:11,2,"Saat keluar dari aplikasi dan ingin buka lagi kenapa harus login lagi ya , ribet banget kenapa ga sekali login aja atau emang di aplikasi aku aja gitu ya , kepada pihak terkait mohon di perbaiki karena sangat menyusahkan pengguna dan kalau password diblokir itu caranya gimana ya"
Muhammad Ikhsan,12/6/2023 20:21,3,"Aplikasi tidak berjalan di perangkat saya, aplikasi versi lama bisa berjalan, setelah update tidak bisa berjalan di perangkat Xiaomi Mi 9. Mohon solusinya. Terimakasih"
Abdul Muis chanel,12/5/2023 4:43,4,Bagus
Saiful Hadi,12/4/2023 17:38,5,"Aplikasinya sudah bagus , namun lebih bagus lagi jika ada opsi untuk pembayaran online shop"
adhiyati abd muthalib,12/1/2023 22:31,1,Action mobile tidak bisa diakses lagi di Android saya mohon bantuannya
Rifani Pratama,12/1/2023 21:07,1,karena belum ada menu deposito ataupun kredit secara online. bintang nya kasih 1 dlu. sekarang zaman online.
Muhammad Fuadi94,12/1/2023 18:37,1,Saya ingin mendaftar. tapi data tidak ditemukan. gimana sih. padahal data yang saya masukkan benar
FaMusTV,12/1/2023 15:47,2,"Kenapa kirim uang dengan memakai QRIS tidak bisa, dibilang koneksi terputus. Ada apa?"
MAR Diana,12/1/2023 15:19,5,Bank aceh makin berkembang
zakki madridista,11/30/2023 3:29,1,"Rata rata komentar negatif semua, ini harus ada perbaikan manajemen aplikasinya, supaya mempermudah nasabah, bukan harus ke bank selalu jawabannya, komen saya ini pasti dijawab dengan "" Kunjungi Bank Aceh Terdekat "" aduh"
Bang Rey WDF,11/30/2023 2:52,5,"disuruh cek koneksi, koneksi sangat bagus, apa penyebab nya kakak"
irfan Bobovan,11/28/2023 18:28,5,"Untuk di bagian top up tolong ditambahkan Dana dong, terimakasih"
Fazal Habibi,11/28/2023 12:22,1,Kenapa tidak mau daftar akun
Dhika Anugrah,11/26/2023 17:57,1,Ga jelas
Putry Poppy,11/25/2023 18:29,4,Kenapa data saya tidak ditemukan
Muhammad Hasbar Kuba,11/25/2023 0:03,5,Top mantap bank aceh terbaik
Murni Mur,11/24/2023 17:37,2,Saya akan bantu terkait keluhannya terimakasih adik sekalian mantan ayok
Mus Riza,11/24/2023 10:22,5,Mantap
Ariffa Rizal,11/24/2023 3:59,5,Sangat cocok
Riza geo,11/22/2023 14:14,1,BI fast harusnya dari 2021 Ini 2023 Terus sekarang kemana BI fast
Muhammad Yusuf,11/21/2023 21:54,2,Kenapa Bi fast tidak ada lagi di action mobile
Sawal Udin,11/21/2023 21:12,1,Menu BI fast kenapa dihapus ya?
W D,11/21/2023 13:08,1,"Peuuu roehhh leumoeh that agoe Bank Aceh. BI Fast cuma 2 uroe sagai, hanjeut sagai leubeh keugop. Koen pu laen kamurah bacut bak ta Transfer."
Agus Munandar,11/21/2023 0:24,5,jam 00:00 - 00:30 tidak bisa buka aplikasinya
Helsingki,11/16/2023 7:09,1,Mau daftar malah di buat data tidak ditemukanðŸ—¿
hannis AL hasan,11/14/2023 12:11,5,Mantap.
fauzan fauzan,11/12/2023 15:09,5,Proses cepat dalam segala transaksi
DEDE HARYA OFFICIAL,11/10/2023 10:29,3,Kenapa kalau ganti perangkat harus ke kantor sih kak
Della Rizki,11/9/2023 20:19,2,"telepon lama saya mati dan saya mau pindah banking saya ke hp baru kok gak bisa ya , bagaimana solusinya"
Muhammad Nasirr,11/7/2023 11:29,1,Setelah di upgrade makin lambat Perbaiki lah gmn mau maju
edy _0112,11/6/2023 0:11,5,"mudah untuk , transaksi . kemana punðŸ‘"
Said Yasier,11/5/2023 17:47,5,"Bank Aceh, Saya udah ganti device via mobile banking. Dan sudah input data yg diminta. Setelah semua data saya input di hp baru, muncul notifikasi untuk menghubungi Bank Aceh terdekat. Masalahnya Saya tetap di Bandung. Tolong dibantu kendala yang Saya hadapi. Terimakasih sebelumnya."
Satrio Umri,11/4/2023 12:41,5,Tolong untuk top up kerjasama dengan Dana. Masih perlu dilengkapi
Mulyana,10/31/2023 21:05,2,bagaimana sih ini password sama username nya sama tapi ini enggak bisa dibuka
Bung Fata,10/31/2023 9:37,3,"Aplikasinya sudah bagus, namun pembayaran payment digital tidak semua tercantum jadi susah untuk top up"
RINDANG SYAMSUDIN,10/31/2023 9:13,1,kartu ATM nya gratis gak
Muhammad Saryulis,10/28/2023 9:34,4,"untuk saat ini udah bagus, cuma. tambahkan ewallet lainnya seperti topup shopeepay, DANA, dan juga tambahin mode gelap"
Hery Afrizal,10/24/2023 22:32,1,Tolong top up dananya di tambahkan ... Karena saya pakai dana dan sangat dibutuhkan .. kalau sudah tambahkan dana nanti aku kasih bintang 5 ðŸ‘
Azwar Azwar,10/20/2023 8:00,5,Sangat senang
badrul jaman,10/20/2023 1:41,5,Sangat memuaskan
Risti Sarah,10/19/2023 21:03,1,Pin salah pin salah padahal pin tidak pernah diganti
Gado Gado Aceh,10/14/2023 22:40,5,"Kenapa daftar transaksi tidak ada lagi di menu utama,,,??"
Muliadi Czi,10/14/2023 14:07,1,"Ribet dan ruwet berurusan dengan Action bank aceh, setiap ganti hp harus datang ke Bank Aceh utk aktivasi ulang, bagaimana dgn nasabah yg tinggal diluar aceh, apakah mereka harus pulang ke aceh setiap kali ganti hp ??? Aplikasi mobile dari Bank lain enggak gitu2 banget .. Aman juga data2 nya. Bahkan ada yg bisa buka rekening online dan daftar aplikasi mobile online. Kalau gini ceritanya selamat tinggal saja bank aceh."
HeroIqbal â€œHero iqbalâ€ Heroiqbal,10/13/2023 5:02,5,Best
Cut Nurmukamah Kamah,10/13/2023 4:25,5,GoodðŸ¤—
Revanywulandari Revanywulandari,10/11/2023 9:19,1,"Padahal udh masukin username sama password nya benar , malah salah mulu , biasanya ga pernah salah , hasil nya di blokir mobile banking"
Nisa Saputra,10/10/2023 19:15,1,Kenapa uang saya hilang terus pas saya cek pasti ke kirim atau hal lain sedangkan saya tidak pernah melakukan transaksi apapun.
Fauzi Nasir,10/6/2023 22:47,1,"Aplikasi bodoh banget, lihat mutasi dan bukti transfer saja enggak bisa"
Dewi Hayati1,10/6/2023 12:51,3,Enggak bisa di buka saat di download ðŸ˜­
Indrawan Panigah,10/6/2023 7:58,5,"Kakak, Tambah Fitur Tarik Tunai Tanpa Kartu ATM (CARDLESS) dan Top Up DANA. Semoga direalisasikan ðŸ™ðŸ™ðŸ™"
Abdullah Cutayah,10/5/2023 19:55,5,Ini aplikasi perbankan yang bagus
Thatam 07,10/5/2023 15:21,5,Aplikasi sudah bagus tapi sayang tidak bisa top up DANA tolong di perbaiki agar bisa top up ke DANA
Tajjul Mulki,10/4/2023 2:00,2,"Saya kirim pulsa melalui apk ini , uang udah di potong tapi pulsanya masih belum masuk sampai sekarang dan di tulis disitu sedang di proses , dari tanggal 25 september sampai sekarang tanggal 4 oktober masih di proses. Tolong gimana ini kakak?"
sakdahst bsa77,10/1/2023 21:54,4,Mantaap
Rekber Store,10/1/2023 17:50,1,Kasih hadiah undang teman dan cashback scan QRIS
Ika Lh,10/1/2023 13:58,4,"Kenapa ya utk menu bayar PDAM selalu koneksi terputus dan di suruh cek saldo ,,  padahal jaringan bagus dan saldo juga ada ,, mohon di tingkatkan"
REMIX OKE,9/30/2023 12:11,1,Selalu transfer saldo terpotong duit tidak masuk ... Tolong pak di perbaiki
Hari Sumansyah,9/28/2023 19:58,5,Amanah
Dian Moenandar,9/28/2023 9:02,2,"Untuk Aplikasi nya bagus , sangat membantu ... Tapi ada beberapa pemotongan biaya admin dari pihak Bank yg saya rasa terlalu banyak biaya nya untuk 1 org , bayangkan saja ada ribuan org memiliki tabungan ini ... Terimakasih ..."
Wahyu Mp,9/27/2023 12:35,2,Kenapa gak bisa buat akun sih nomor ATM nya udah benar tapi enggak bisa
Alif1 Alif1,9/26/2023 3:24,5,Saya suka
ali Muhammad,9/25/2023 13:50,1,"Agak kecewa dengan aplikasi ini dimana ketika mau daftar minta nomor kartu atm dan pin atm, tapi waktu dimasukkan jawaban nya "" maaf data anda tidak valid ""...apa nya?ðŸ˜‡"
Penyimpan Twitter,9/25/2023 8:25,1,bank terburuk sepanjang masa
Bg Aji,9/24/2023 20:41,5,Yaya
anton samadi,9/24/2023 13:14,5,"Saya baru saja melakukan instalasi perangkat saya, dengan metode kembali ke setelan pabrik. Sebelumnya saya tidak cadangkan data saya. Kendala saya, tidak bisa login kembali ke akun moblie banking saya. Bagaimana solusinya supaya saya bisa login kembali ?? Mohon bantuan nyaðŸ˜‰"
Fikriah,9/24/2023 1:07,1,"Kakak, ini gimana sih, datanya kok tidak ditemukan setelah saya isi pendaftarannya"
teuku irwan,9/22/2023 21:34,4,cuma ribet sih . kalau udah mau masuk lagi harus masuk nama dan sandi lagi . cuma gak ada fitur jual pulsa atau beli token listrik
Ikrami Ami,9/22/2023 14:54,5,Mantap
Fire Arrow,9/21/2023 0:42,1,"telepon nya di instal ulang, giliran mau login gak bisa, banyak kali tingkahnya, mana harus datangin ke kantor cabang terdekat, ribet, gak seperti bank sebelah"
Yudha Alfath,9/18/2023 13:54,2,Fitur tarik tunai gak ada ya?
Ida Rosmiza,9/17/2023 20:48,3,Cara pindah ke perangkat lain kenapa gak bisa
Anang Sonjaya,9/16/2023 21:14,1,Di tambah pendaftran online dong seperti bank bank lain
Daswir,9/16/2023 14:28,5,Tambahkan fitur salin nomor rekening bank kita sendiri agar mudah menyalin nomor rekening bank
Elda Putrie,9/12/2023 20:58,5,Pokoknya aplikasi ini sangat membantu ..
Aulia,9/12/2023 11:49,1,Parah sangat. Beli pulsa XL diatas 200 ribu biaya admin nya semakin besar. Bank lain mau berapa pun tetap Rp. 1500. Parah banget ini bank
Asman Dang,9/7/2023 2:40,4,"Bank Aceh harus lebih baik lagi dari sebelum nya , transaksi di agen action link harus bisa di tangkapan layar kan agar bisa di print di semua aplikasi printer mini . dan dilengkapi lagi fitur2 nya seperti aplikasi dana serta mutasi di jam 11 keatas biasa nya Gak kelihatan harus nunggu besok . tolong berikan yang terbaik lagi , terimakasih ..."
Suhairi Nurdin (Dek Su),9/6/2023 14:53,1,"Aplikasi sampah ,, kita ganti perangkat di persulit , datang ke kantor KCP lambaro katanya di proses tunggu 5 hari, sudah 3 minggu gak di proses, telepon ke call center, banyak ngomong bikin pulsa habis saja,,,, ðŸ‘ŽðŸ¼ðŸ‘ŽðŸ¼ðŸ‘ŽðŸ¼ nol bintang untuk aplikasi action,,,,"
Seulanga Blang malo,9/4/2023 14:15,1,Sangat kecewa menggunakan qris bank Aceh transaksi gagal tapi konsumen dana terpotong mohon di bantu sudah ke kantor layanan pelangggan gak ada solusi
Rahmad Bq,9/3/2023 21:49,1,"Lagi perlu2 nya , 2 kecewa kirim ke bank lain sudah administrasi mahal terhambat pula"
Ikrima Nadhira,9/3/2023 17:15,4,Semoga bisa menambahkan fitur top up ke Shopeepay biar lebih memudahkan transaksi
Amrullah Amr,9/2/2023 12:42,5,Aplikasi yg bagus memudahkan dalam transaksi online
ZulhiZ tamy,9/1/2023 23:18,3,Kakak tolong tambahkan fitur top up dana dong
Zul Fikar,9/1/2023 21:08,3,Jaringan untuk masuk susah
uswatun hasana,9/1/2023 17:23,1,"Mohon Aplikasinya Di Perbaiki Lagi, Setiap Saya Login Selalu Lemot / Lambat Buat Emosi , Padahal Koneksi Jaringan Lancar Aja , Kalau Sudah Di Perbaiki Lagi Baru Kasih Bintang 5"
WalÃ® HamzÃ¥,8/30/2023 23:18,2,"kenapa gak bisa login , padahal sudah buka rekening , tapi belum memiliki ATM"
susila arif,8/28/2023 10:34,5,Mantap
zahratun munar,8/27/2023 19:53,4,Sangat memuaskan
haris gunawan,8/26/2023 12:37,5,Verry good
Munirah IPA,8/22/2023 13:06,3,Sangat bermanfaat bagi saya
Owienda,8/21/2023 20:56,5,Tambahkan Juga menu pembayaran tagihan ICONNET Untuk mempermudah pembayaran
Berkah Ponsel,8/21/2023 0:45,5,Bagus
Kak Ni,8/21/2023 0:23,5,Home masuk uang
zul khairi,8/19/2023 10:57,1,Kesalahan data tidak di temukan ? apa solusinya itu tolong ?
Muda Al-Aziziyah,8/18/2023 19:27,5,Proses aman selalu bank aceh
TeuKu DhaRis,8/18/2023 11:08,4,TOLONG DITAMBAHKANKAN JUGA pembayaran pajak bumi dan bangunan untuk wilayah Kabupaten Aceh Besar … terimakasih
maulida suhefi,8/15/2023 16:49,3,kenapa aplikasinya tidak bisa di buka
julia usnur,8/14/2023 16:08,4,"Ini suami saya udah transfer , tapi saya cek di aplikasi kok gk masuk , apa harus cek ke atm langsung"
Bawi Cuy,8/10/2023 11:31,3,"enggak asik min , atur ulang hp aja masak harus lapor layanan pelanggan lagi buat login , lebih bagus pakai verifikasi KTP seperti aplikasi bank sebelah"
Awak Awai (Wadi),8/10/2023 8:43,5,Mohon update top up Shoppingpay dana bos sangat dibutuhkan
J & M Project,8/10/2023 1:50,5,Tambahin top up dana dong biar semakin oke
Diana Mbo,8/9/2023 10:38,5,Sangat membantu kegiatan sehari hari
Muhammad Faisal Hendriadi,8/8/2023 13:27,4,"Dari awal sampai sekarang tidak ada kendala apapun , namun saya masih kurang puas karena ada beberapa menu yang tidak dimiliki oleh action mobile dari pada mobile banking lainnya yaitu salah satunya seperti menu top up untuk e commerce dan e wallet lain contoh nya seperti dana, shopeepay, gopay dan lain lain, semoga kedepannya bisa di tambahkan, dan satu lagi tidak ada menu atau fitur untuk berinvestasi seperti emas, logam mulia dan lainnya semoga kedepannya lebih banyak menu serta fitur tambahan"
Irzan RM17,8/6/2023 22:47,5,Kakak bagaimana kalau pindah aplikasi ke hp lain kok tidak bisa ya?
Sahriadin Isar,8/5/2023 3:19,4,Saran mohon ditambahkan menu panarikan tunai tanpa Kartu ATM seperti BSI. TerimaKasih
Intan Novita Sari,8/4/2023 13:10,4,Saat buka aplikasi hilang layar hp .. berhenti di layar abu2
Ramadhani Mulia,8/4/2023 11:43,1,enggak bisa di buka di hp saya redmi note 10 s
bedesabai,8/3/2023 23:08,1,"Bangai that aplikasi payah peget secara manual, hana kemajuan sapu daftar online hana jeut,dumpu beumeceh tajak bak bank, koen tapeumudah nasabah malah tatem boh wate untuk tameuantri.ujoe meuruno peget cara ngat jeut daftar online ngat bek payah tajak bak bank,ikamoe ureung gasin oeh kenong ac 5 uroe ipeuek demam tok gara2 jak bak bank,dan trep tameuantri."
Iskandar Miyani Muda,8/2/2023 7:14,1,Tolong aplikasinya diperbaiki lagi . Masih error aplikasinya .
Zulfikri,8/2/2023 3:07,4,"Bintang 4 dulu, kalau udah ditambah untuk top up dana baru bintang 5"
Raja Ratu,7/31/2023 17:02,3,Saldo masih ada tapi saat transfer saldo tidak cukup aduh
UDHWANSYAH IWAN,7/30/2023 11:49,5,"Lupa pasword nya , gak bisa masuk lagi , udah lapor ke layanan pelanggan bank aceh tapi belum bisa aktif … ditunggu ya"
Koyo Cabe,7/29/2023 23:13,5,Aplikasi nya bagus .. Tolong dong perbanyak ATM Bank Aceh ðŸ™
Zuhur Kurniawan,7/28/2023 13:35,5,Pelayanan dengan action bank Aceh sangat membantu saya dalam bertransaksi . Tapi mohon buat bank Aceh untuk menambahkan top up ke aplikasi DANA
Tarmizi Tarmizi,7/28/2023 7:51,5,Baik
Salman Alfath,7/25/2023 13:22,5,Sangat berguna
mr. k,7/25/2023 13:07,4,Mantap . Tapi kapan bisa tarik tunai tanpa kartu di ATM ?
Andi bm,7/24/2023 10:41,3,"Saya baru ganti hp , kenapa action mobile nya gak bisa di buka ya , kata nya pasword salah , padahal sudah benar"
Elly m,7/21/2023 18:15,3,Setelah kita atur ulang hp kenapa gak bisa langsung login lagi ya . Harus hubungi center nya lagiðŸ˜¥
Rahmat Saputra,7/21/2023 11:18,1,Cacat
Arfaa,7/20/2023 14:40,1,"Saya sudah isi token listrik , saat saya keluar dari aplikasi nya malah kode untuk isi token nya hilang … Mau dipencet yang di riwayat transaksi malah enggak bisa dibuka."
Dani Dani,7/20/2023 9:25,5,Oke bagus . Tingkatkan lagi
tala tala,7/18/2023 14:54,5,Cepat dan mudah
Herlina Lina,7/18/2023 13:49,3,Apakah mendaftarnya harus ke bank dulu ????
Toko Anicaca Penan Q,7/17/2023 12:53,5,Bank Aceh sangat membantu masyarakat. Terimakasih Bank Aceh tercintaðŸ’¯
Rizki M,7/16/2023 12:31,4,"Tolong di tambahkan untuk top up saldo dana ,,, karena top up wallet dana yang paling di minati ðŸ™.."
teuku faris,7/14/2023 1:38,1,qris suka enggak bisa digunakan
asya ari,7/14/2023 1:17,5,Bagus
Sahidin Petopang,7/14/2023 0:24,1,"Susah login , katanya periksa koneksi anda , padahal koneksi internet bagus.!!"
KHAIRUL MUBARAQ,7/11/2023 14:26,3,lebel baru
Nazar Effendi,7/11/2023 10:34,1,BANK HANA JELAS TA KOMPLEN MASALAH PENG HANA DI TAMENG PENGIRIMAN PAYAH PREH 14 UROE NGON PENG MEU KARAT
Teuku Irfan,7/10/2023 21:20,4,"Kalau bisa mohon di tingkatkan menu untuk pembayaran toko online dan Top Up uang Seperti Traveloka, Listrik, PDAM, shoppe, tokopedia, Blibli, lazada, Bukalapak, Ovo, linkaja, dana, beli pulsa dan tidak di kenakan biaya apapun pada saat melakukan transaksi .. agar mempermudah setiap nasabah melakukan transaksi tentunya dimana pun dan kapan pun. Kalau bisa ditambah lagi menu rekening koran untuk dapat melihat secara menyeluruh semua riwayat transaksi baik itu pengeluaran dan pemasukan dana tersebut"
Firmansyah,7/10/2023 20:02,3,Kenapa gak bisa buka aplikasi action bank aceh? berhenti di lambang action sajaðŸ¤”
Bambang Rahmadi Simeulue,7/8/2023 19:09,4,"aplikasinya bagus, kedepan agar biaya admin transfer sesama bank, antar bank, pembelian pulsa, dan token listrik agar lebih murah. sehingga aplikasi ini dapat digunakan untuk transaksi lebih sering lagi untuk keperluan jualan."
Adrian Chandra,7/8/2023 12:53,5,Sampai saat ini masih oke semuanya
Nidar Iani,7/7/2023 17:18,4,enggak bisa daftar kalau gak ada atm ya
armin asela,7/7/2023 15:05,2,"Aplikasi nya sudah oke, tapi kecewa ketika data hp terulang atau hilang semua untuk pengaktifin kembali terlalu ribet . Gak cukup dengan isi data saja, harus datangi operator terdekat lagi. Sementara pelayan dari sang operator pun gak memuaskan. Gak menguasai program ..."
Tempat Unduhan,7/6/2023 15:24,1,"Ini maksudnya apa tiba2 tabungan saya ada potongan pajaknya. PAJAK APA INI , SEENAKNYA NGAMBIL DUIT ORANG . Ini enggak ada sebelumnya, kenapa ada potongan pajak tanpa pemberitahuan sebelumnya ?? Ini PENCURIAN"
Okta Tul,7/4/2023 23:05,1,"bank enggak berguna, sumpah ,"
bitqet,7/4/2023 12:14,3,"Fitur sudah sangat memuaskan untuk fungsi transfer, pembayaran dan juga TOPUP, akan tetapi untuk TOPUP digital DANA belum bisa dilakukan, mudahÂ²an kedepannya ada penambahan fitur"
fahrol Saja,7/4/2023 12:02,1,"kakak, tidak bisa mengatur sidik jari."
Darmiwati,7/4/2023 10:04,5,Good
Luqman Hakim,7/2/2023 11:12,2,"ribet kalau mau tukar perangkat , harus ke bank dulu dan menunggu paling cepat 24 jam untuk di setujui. Alternatif kontak layanan enggak gratis, alias makan pulsa"
Akmal Mahdi,7/2/2023 2:22,4,"Tolong ditambahkan Top Up ke Akun DANA , karena banyak yang pakai"
Azkia Putra,6/26/2023 14:21,4,Ok
Infinix hot10,6/24/2023 1:21,1,Mohon maaf ini ðŸ™ðŸ» Saya baru saja mau daftar tapi kok susah ya caranya. Perasaan salahÂ² terus
Handy Lamno,6/23/2023 13:07,2,"Mau daftar, tapi pesan yang muncul DATA TIDAK DITEMUKAN. Padahal ATM sudah di aktifkan"
Ershad Siregar,6/22/2023 9:00,5,MH Ershad Siergar
Hilinawati 1964,6/21/2023 18:27,5,Memudahkan kita mau transaksi listrik Dan paket internet .....
Rasidin Batubara,6/20/2023 12:49,5,Puas
Agung Syahputra,6/20/2023 1:54,1,"bagaimana daftar nya ,, saya daftar kok gk bisa ,, kalau daftar nya melalui bank aceh langsung buat apa aplikasi nya ,, gk bisa daftar online percuma unduh aplikasi ini ,, jawaban admin nya pasti suruh datang ke kantor bank Aceh , gak ada solusinya di aplikasi atau admin nya , mending hapus ini aplikasi"
Dahlan Bengkel,6/19/2023 16:29,4,"Tolong update apk biar ada menu pembaruan data seperti ganti email , nomor hp ,, karena sayang masyarakat yg jauh dari cabang bank nya, seperti saya"
yusuf hawkins,6/18/2023 18:26,1,Ga jelas
Rivaldi Ramadhan,6/18/2023 0:33,1,"Jaringan bagus , tapi gak bisa masuk, nyusahin aja"
Hampa Tanpamu,6/17/2023 19:27,1,Makin jelek saja pelayanan nya
Rahmati Jailani,6/17/2023 9:20,1,Daftar Mutasi gak kelihatan parah banget fitur bank macam ini.
Nurul Abdullah,6/17/2023 0:53,1,"Kenapa tidak bisa masuk ke aplikasi Action mobile, malah di suruh cek koneksi. Padahal jaringan bagus"
Permata Indah,6/16/2023 20:02,5,Bagus pelayanan nya
Riza Fuadi,6/16/2023 15:13,2,"Saya tidak bisa mendaftar,waktu mendaftar keluar data tidak di temukan"
Ry Luv,6/15/2023 18:50,1,"Saya transfer ke BSI sudah 3 jam masih pending, gimana ceritanya ini"
Muzar Maulana,6/14/2023 1:20,1,"kenapa sekarang Uda kayak bsi aja, masa mau login aja cek koneksi, gimana Uda gak jelas juga sering eror"
Cut Diana,6/13/2023 19:08,5,Lebih mudah dalam pembayaran belanja
ralis sa,6/12/2023 12:10,1,Kenapa aplikasinya enggak bisa buka layarnya hitam habis di unduh
Rustam Ali,6/11/2023 23:46,3,"Untung ada aplikasi ini walaupun belum begitu sempurna, tapi untuk proses penyetoran, tarik tunai di teller sangat sangat lama karena banyak nya yg bertransaksi tanpa nomor, dan yg mempunyai nomor antri lama dan sangat lama baru di panggil , jika ada permasalahan mengenai protes sangat lambat bahkan memakan waktu 2 minggu hari kerja,"
623Ns My,6/9/2023 22:37,5,Best
Fahmi M,6/9/2023 20:34,4,"Admin, mohon ditambahkan layanan top up shopee pay dan juga pembayaran PBB untuk Kota Langsa"
Syahrial yal,6/8/2023 17:30,5,Bank aceh mantap fiturnya sidah banyak
Vendra Ndra,6/8/2023 7:16,5,Layanannya sangat bagus..ðŸ‘ðŸ‘
faisal nevi jaya Alyamani,6/8/2023 0:40,2,apa itu Error (500)
IHSAN,6/7/2023 17:50,1,bintang satu dah cukup mau daftar agen link bank aceh ribet minta ampun gak kayak agen bsi sangat mudah dan dipermudah lagi sama mareka
Eva Agustina Meha,6/7/2023 12:55,4,"Tolong dibuat fitur untuk pembayaran ke online shop (shopee, tokped, lazada, dan lain lain)"
apa raoh,6/2/2023 9:43,5,"Bagaimana cara mengetahui nomor kartu ATM kita yg sudah hilang / tertelan, tanpa mendatangi kantor bank terdekat, atau adakah situs web resmi dari bank Aceh, agar nasabah bisa mengetahui nomor kartu ATM nya melalui situs web tersebut"
Mr. Shigi,6/2/2023 8:46,1,"Ini maksudnya apa tiba2 ada potongan pajak yg besarnya hampir 20rb ?? Sudah ada biaya admin, tiba2 ada potongan pajak. Ini tidak ada dalam perjanjian saat pembukaan rekening. Tolong kejelasannya, pajak apa ini ?? Jangan seenaknya potong2 uang orang"
Ades Priadi,6/2/2023 0:03,1,"sUdah isi data yang sesuai pas daftar, malah data enggak ditemukan, bingung salahnya dimana"
Maliza Aja,6/1/2023 15:12,5,Ok
Arif Fajri,5/30/2023 16:42,4,Koneksi terputus! Periksa kembali transaksi yang sudah dilakukan (2102) Saldo saya terpotong. Pulsanya enggak masuk masuk... Semoga tidak terjadi lagi kedepannya.
Helmi R,5/29/2023 14:42,5,Mantap
Bang Juna Officiall,5/28/2023 16:28,1,"Tidak bisa mendaftar Padahal sudah isi email nomor atm dan pin, tapi tetap gak bisa msuk"
Risdeliana Amanda Amanda,5/28/2023 12:18,5,kenapa di aplikasi belum muncul tarik tunai tanpa kartu
Syahawardi ST,5/27/2023 20:21,5,"assalamualaikum min, tolong di update dong fitur top-up gopay driver untuk (driver gojek) dan top up voucher ovo untuk driver grab, terimakasihðŸ™ðŸ¿"
Yusnan PTK,5/24/2023 23:23,1,"Buka Aplikasi langsung hilang alias layar hitam, sudah bolak balik instal ulang tetap enggak bisa dan sudah ke layanan pelanggan bank cabang mareka pada binggung. Tolong kasih solusinya jangan suruh ke bank tapi enggak jalan keluar wahai para IT."
Ella Sartika,5/24/2023 20:51,4,Apakah APK ini aman.?
Ichsan Aulia,5/24/2023 11:23,1,"kesal update , sebelum update bisa kebuka , tapi setelah disuruh update malah gak bisa kebuka, layar hilang hitam gitu aja tidak ada keluar apa apa"
salahuddin,5/23/2023 0:07,4,"Saya kirim dari bank aceh ke BSI, pengetikannya sudah sesuai semua, tapi akhirnya muncul palang merah peringatan dalam kurung 500. Kenapa ya?"
Fajar Muhammad,5/21/2023 19:00,1,"Ini apk bagaimana cara daftar nya, berapa kali saya daftar selalu tampil data anda tidak ditemukan, data apa coba? Email benar, nomor hp bener, ATM benar, pin juga. Tapi masih salah sudah berapa kali saya daftar juga tidak bisa, mohon buat fitur daftar banking dengan website."
Rizqan Arc,5/20/2023 19:01,3,"Setelah di Update , kok malah hilang Kalau udah bisa lagi, saya kasih bintang 5 lagi"
Sutiawan MPAW,5/20/2023 11:38,1,Saya kirim uang 2 x melalui bifast terus yang masuk ke tujuan 1 x sedangkan saldo saya kepotong 2 x. ini gimana sih
Laila Sari,5/19/2023 6:57,1,sediakan fitur top up untuk dana baru saya kasih bintang 5
Ajmal The cat (Indonesia),5/19/2023 0:08,1,Biaya admin untuk transfer ke bank lain dan bayar PLN mahal ... Masa bank syariah mahal ... dan kredit untuk ASN pun besar bunga .... Riba enggak ya.. Apa enggak takut dosa nanti kalian di akhirat jika di hisab dengan riba1
budi boy,5/16/2023 18:25,1,Kenapa saya tidak bisa daftar. Dengan alasan data tidak ditemukan
Random Video,5/16/2023 11:38,1,"Tidak Bisa Login Ke Perangkat Baru, Terimakasih Sudah Mempersulit Untuk Login Kembali. Salam Dari Nasabah Mu"
Muhammad Syahputra,5/15/2023 18:32,1,"tidak bisa dibuka,seminggu ini cuman muncul layar hitam, kalau login di perangkat hp lain malah muncul notifikasi perangkat tidak terdaftar, bagaimana ini ?"
R2 Channel,5/15/2023 1:05,1,enggak jelas Apk nya. Mau ganti ganti hp ga bisa pakai lagi Apk nya
2G,5/14/2023 20:53,2,"Aplikasinya kadang2 susah untuk dibuka, layar jadi gelap"
Idar Riztan,5/14/2023 14:24,4,Tolong tambahkan menu top up shopee pay dong ðŸ™
Dian Mayasari,5/13/2023 17:53,4,Aplikasinya mudah dijalankan dan simpel
muhammad isa muhammad,5/13/2023 17:45,1,kenapa saya gak bisa daftar ... Aplikasi apa ini...
Najwa Razma,5/13/2023 1:22,5,Sangat bagus
ms wg,5/12/2023 20:43,1,"Saya download aplikasi Mbanking Bank Aceh syariah, tapi layarnya hilang"
channel bereh,5/12/2023 19:48,5,"masuk menggunakan perangkat terdaftar, maksud nya gimana admin ??????????????????"
Kesya Az-Zahra,5/12/2023 12:30,2,kenapa tidak bisa daftar?
Roel Arul,5/12/2023 8:53,5,Tarik tunai tanpa kartu mohon diperbaharui
Eres Brew,5/12/2023 8:24,5,Bank aceh syariah emang terbaik ðŸ‘ðŸ‘ðŸ‘
Muhammad Hendrik,5/11/2023 22:24,1,"Pindah aplikasi ke HP lain susah minta ampun, sudah mendatangi Bank juga tidak bisa, hanya disuruh menunggu, entah sampai kapan"
Ramzi,5/11/2023 21:00,3,Mau coba
AIDIL FIKRI,5/11/2023 16:55,5,Mudah dan fleksibel
Nanda widya Ningsih,5/11/2023 16:08,2,Belum ada buka rekening online
Ramlan Gold,5/11/2023 15:52,5,"Sangat membantu, kalau bisa ditingkatkan lagi, seperti pengiriman jangan dibatasi 10 juta / transaksi, serta bisa top up seperti link aja , ovo, gopay dan lain nya."
ULUL AZMI,5/11/2023 8:50,5,aplikasi Bank enggak bisa digunakan
wasrika Sari,5/10/2023 15:51,3,Mohon maaf kok saya gak bisa daftar mobile baking padahal kartu ATM sudah ada
irvan is,5/10/2023 5:33,1,Perangkat sudah tukar Karena perangkat lama sudah rusak ... tapi action tidak bisa login ... sudah daftar kembali tidak bisa .. kita ke bank juga gak bisa . tunggu 24 jam udah 17 x 24 jam tunggu . tetap gak bisa . masa data sendiri login di anggap penipuan . data lengkap . buku tabungan . atm . ktp semua sama ... sangat kecewa dengan sistem begini ... gak jelas
Irwanto,5/9/2023 18:39,5,kenapa tidak bisa buat rekening baru di apk action langsung
Top 21,5/9/2023 16:27,1,"Nomor ATM saya di tolak, katanya salah padahal nomor yg saya isi udah benar"
Rita Yenny,5/8/2023 19:39,5,Enak lanar
Hotman Sinurat,5/4/2023 12:41,2,"admin, kenapa aplikasi nya tidak bisa di buka?"
Alie Dharmawan,5/3/2023 19:30,1,Sering eror
I'M SBS,5/3/2023 17:05,1,"Saya baru daftar action, terus di bank Saya transaksi transfer bisa, tapi setelah di rumah langsung peringatan (500)"
Konik Atjeh07,5/3/2023 16:10,5,baik
Randi Rahmayanda,5/3/2023 13:43,3,"Admin, kenapa saya tidak bisa isi pulsa ke operator Indosat ? tapi untuk Telkomsel saja yg bisa.."
Evi Rahman 766hi,5/2/2023 21:38,5,sipplah
Apangoh,5/2/2023 10:52,3,gimana daftar nya. Dan kita dapatkan nomor ATM nya di mana
Data Razak,5/1/2023 20:43,1,Aplikasi tautan di hp rusak .. terus login di hp baru tidak bisa … orang bank pun bingung login nya .. sulit
Oposisi Htn,4/28/2023 19:49,1,Kasih cashback dong biar banyak nasabahnya ...
Rayhanna Ameliya,4/27/2023 8:06,3,"Bagaimana sih cara daftar nya, aku udah punya rekening di bank aceh, tapi pas daftar di apk ini, katanya "" data tidak ditemukan "", itu maksudnya gimana, udah bolak balik unduh, tapi tetap aja gak bisa masuk"
Langsa Langsa,4/26/2023 12:33,5,Good
herdi king BM,4/21/2023 3:04,3,Kami mengharapkan adanya fitur transaksi yang sudah berhasil. Agar dapat memudahkan untuk pengecekan.
Bagus Ts,4/20/2023 14:57,5,Sangat bagus
Local Boy,4/20/2023 14:49,1,Gak jelas
Juraina Wati,4/20/2023 9:33,3,"Tolong ditambah lagi untuk top-up nya seperti top-up Dana dan shoopepay dan satu lagi awalnya saya bisa layanan pelanggan tapi sekarang setiap saya tangkapan layar selalu keluar tulisan aplikasi mengambil tangkapan layar tidak di izinkan oleh aplikasi sedang teman teman saya bisa, tolong diperbaiki lagi Terimakasih"
I am Bal,4/19/2023 21:46,1,Aplikasi tidak dapat menyimpan sandi dan fitur layanan yang sangat sedikit.
Muhammad Zainuddin,4/19/2023 16:21,5,Best
ali ikhsan,4/18/2023 7:47,4,Tingkatkan lagi pelayanan dengan kerja sama pihak emoney dan belanja online nya ... Pasti nasabah sangat lebih di mudahkan ðŸ‘
Reza Setiawan,4/16/2023 9:09,3,"Sudah beberapa hari ini aplikasi tidak bisa dibuka, biasanya ada pilihan login menggunakan biometric / fingerprint dari telepon tetapi sekarang tidak ada. Ketika mencoba login menggunakan username dan password muncul notifikasi data tidak ditemukan."
Ifan,4/16/2023 6:42,5,"Tambahkan menu untuk melakukan penarikan tanpa kartu, soalnya di mesin ATM nya ada pilihan namun di aplikasi belum tersedia."
ferry andika,4/15/2023 22:51,1,"Aplikasi gak jelas, hari ini transfer ke sesama bank aceh banyak gak jelas. Yang ngirim saldo nya terpotong dan yang terima tidak masuk saldonya. Kemana itu uang lari nya?"
Edo Rajanago,4/13/2023 20:56,1,"Aplikasi ini tidak bagus. saya beli pulsa telkomsel, saldo dipotong, tapi pulsa tidak masuk, sudah dua hari."
IBRAHIM. ST,4/12/2023 22:08,5,Bagus
Nurdiana Lsm,4/12/2023 15:09,1,Kenapa tidak bisa di buka ya Baru aja unduh Tapi pin nya salah terus
Andhie Velma,4/12/2023 12:26,1,Bintang 1 saja dulu ... Baru saja beli pulsa 100 ribu .... Pulsa gak masuk saldo terpotong ... Sudah 2 kali kejadian ini saya alami
Tuan Muda,4/12/2023 10:51,1,Tidak usah di install habisin paket . APLIKASI action mobil BAnk ACEH tidak jelas .... SEDIKIT PUN TIDAK ADA JELAS NYA
MubarraQ 97,4/11/2023 21:19,3,"Sayang nya di aplikasi ini tidak ada menu top up DANA, Cuma ada ovo, link aja.. Kalo Bisa Update, Tambahkan Menu Top up Khusus DANA agar lebih lengkap dan Mudah seperti BSI Mobile. Terimakasih!"
Ep Ie,4/10/2023 3:12,1,Aplikasi tidak bisa terbuka Kenapa saldo nya berkurang terus padahal saya ngak ada melakukan transaksi gimana ini solusinya
Sri jumiati,4/9/2023 15:37,1,"Tolong di Jawab : Ketika saya mencoba untuk login di aplikasi action bank aceh pada telepon baru kenapa tidak bisa? Pada aplikasi muncul perintah ""Silahkan login dengan perangkat yang sudah terdaftar"". Sedangkan telepon saya yang lama (perangkat yg biasa saya pakai untuk akses aplikasi action bank aceh) itu sudah rusak tidak dapat digunakan lagi. Saya sudah coba opsi ""daftar"" tetapi tidak bisa juga. Solusinya tolong."
Nur Hasanah,4/9/2023 11:33,4,"Saya ganti Hp baru, dan kartunya saya ikutkan ke hp baru Dan download . Action tapi gak bsa masuk Perangkat sudah ada katanya"
maya yuliana,4/8/2023 15:29,4,"Assalamualaikum, mau nanya, gmn ya caranya tarik tunai tanpa kartu di atm bank aceh?"
Sandika Putra Kandana,4/3/2023 23:41,1,"Kenapa pas di buka keluar periksa koneksi anda. Padahal jaringan saya aman. Pihak developer tolong di perbaiki,"
Edi/Uwen Surya,4/3/2023 9:05,5,Aplikasi Action mobile saya tidak bisa di buka
Ikram Mukhlis,4/3/2023 1:05,5,"Bank Aceh Syariah (BAS) Memang Top Dan Mantap, Tetapi ada Tapinya ini ya adminya bank Aceh, tambahkan lah untuk secepatnya ewallet lainnya seperti Top Up DANA dan Shopeepay, Sekian dan Terimakasih"
Sri Bulan_let19_32,4/2/2023 20:33,1,"Kenapa saya selalu gagal ya ketika coba mendaftar padahal nomor kartu ATM saya dan pin saya sudah benar kok, tapi disitu selalu dibilang gagal ????"
Putra Az-zayan,4/2/2023 11:13,3,"Assalamualaikum Wr. Wb, Sedikit saran, kalau bisa langsung di buat pembaruan min ( Update ) soalnya banyak fiturÂ² yang sangat di perlukan malah fitur tersebut tidak ada di Aplikasi Action Mobile. Yang pertama, Untuk Top up kenapa Aplikasi DANA tidak tertara. Kemudian mengenai Top Up pulsa cuma Operator Telkomsel. Pemotongan pajak dan sisa saldo yg harus di simpan sangat besar. Yang terakhir menurut saya, kalau bisa fitur Menarik tanpa kartu itu segera di UPDATE di Action Mobile. terimakasih"
Rahma Dhani,4/2/2023 8:46,1,Harus di tingkatkan lagi semaksimal Mungkin ... karena akun action saya seringkali terblokir Password nya ... tidak nyaman sama sekali..
ARIF GAMING,4/1/2023 15:52,1,Kenapa saldo saya tidak mencukupi untuk top up ovo padahal saldo saya sejuta saya top up seratus masak saldo tidak cukup
jamaluddin sentang,3/31/2023 6:35,5,Mobile banking nyaman aman dan mudah
Asmah 1986,3/31/2023 4:54,4,"sangat bermanfaat sekali, sehingga bisa kirim uang tanpa harus keluar rumah, cukup pakel hp saja."
tgkhendra Hendra,3/29/2023 12:17,1,"setiap mau buka, kotak katik dulu, bahkan sering saat mau buka, periksa koneksi, pulsa penuh, paket penuh, sinyal deras, tapi setiap kali mau buka, selalu periksa koneksi dulu"
Yu Dayu,3/29/2023 11:01,5,Good job
WAWAN DERMAWAN,3/29/2023 11:00,2,"Kenapa saya tidak bisa buka aplikasi nya Tidak ada koneksi, biasanya tidak seperti ini"
ratna wati,3/29/2023 9:22,4,"Kenapa action mobile saya tidak bisa dibuka ya? Selalu muncul kalimat ""cek koneksi anda"". Padahal jaringan saya tidak bermasalah. Aplikasi lain d HP saya bisa dibuka."
Asriadi Muis1986,3/29/2023 9:10,1,"Terlalu sering macet, cek koneksi anda, gitu terus terusan .... Aduh .... Aplikasi Asal asalan. Asal ada aja kayaknya ... Gak nyaman banget dan gak sesuai harapan kita."
Ningsih Sipatuhar,3/29/2023 7:32,5,Mohon bantuannya mengapa saya tidak bisa buka apk action ini setelah saya buka keluar periksa koneksi ada padahal sudah saya update habis itu sudah saya instal ulang tapi masih gak bisa buka mohon bantuan nya tolong
Sukariali samud,3/29/2023 6:37,5,Saat internet saya baik kenapa koneksi saya bermasalah?
Nadzril Akbar,3/29/2023 6:03,1,Ada apa dengan aplikasi anda ini .. mau masuk gak bisa masuk ... tolong periksa jaringan anda..
Muhammmad Nasir,3/29/2023 5:12,1,Assalamualaikum. Kenapa gak bisa buka aplikasi Nya waktu bukan suruh cek koneksi anda. Padahal jaringannya sudah bagus. Waktu buka aplikasi BSI bisa dengan jaringan yg sama mohon solusinya
Nda Nurhaliza,3/29/2023 3:58,1,"Maaf bintang 1, Kenapa ya gak bisa di buka apk nya koneksi internet ada Padahal lagi butuh banget !! Tolong solusinya dong"
Zulfikar Alibuto,3/29/2023 3:23,5,Aku yes
Arief Julianda,3/27/2023 9:16,2,"Untuk Pilihan Top Up Belum Lengkap, Top Up Dana belum ada, saya tambah klo sudah lengkap Top Up nya"
Rizuwan mus Iwan,3/26/2023 5:47,5,Good mantap.ðŸ˜€
Robi Saputra,3/25/2023 23:54,3,Transaksi virtual account belum bisa ya
Yuna We Are One,3/24/2023 18:30,2,Kenapa sekarang pas dibuka aplikasi ini bikin hp saya mati padahal aplikasi lain baik baik saja
Hasan Hanafiah,3/24/2023 16:14,5,Mantep
fijey sab,3/23/2023 21:57,5,"Mudah di gunakan sejauh ini keamanan masih terjamin, teruslah berkembang action mobile bank Aceh ðŸ¥°"
Aku Mencintaimu,3/23/2023 16:30,1,Belum ada event cashback QRIS coba saja diadakan mungkin makin berkembang bertambah nasabah
Syafrizal Bk,3/23/2023 13:05,1,"Aplikasi Martabak Telor, setiap mau makan harus buat dulu, setiap mau masuk ""password di blokir"" buat lagi. Apa......"
Muhammad Iqbal,3/22/2023 2:34,2,Tolong tambahin top up DANA
Okta Handipa,3/21/2023 18:38,2,Action Mobile saya tidak bisa dibuka dan yang muncul langsung layar hitam
Neli Gustiana,3/20/2023 11:05,5,Sangat bagus
Ryadi Radi,3/20/2023 4:17,1,"Isi pulsa transaksi gagal , saldo nya malah kepotong , dan gak ada bukti transaksi sama sekali, jadi berasa kaya di curi , sudah 3 kali begitu total 125 ribu saldo hilang."
sutiawan MPAW,3/19/2023 22:23,1,Apakah bisa menarik uang di atm tanpa kartu
Macan Selawah,3/18/2023 0:04,5,"sangat bagus, saya selalu mendukung"
Tuanku Hafiz,3/15/2023 1:25,5,"Tambahkan mode top up nya dong, biar bisa top up dana juga , seperti BSI"
Al Fazh,3/14/2023 17:30,5,"Alhamdulillah, sudah ada fitur BI fast, transaksi jadi lebih hematðŸ˜Š. Terimakasih Bank Aceh"
indra firmansyah,3/14/2023 6:17,5,Sangat memudahkan untuk transaksi
Wahyu Wahyu,3/13/2023 18:25,5,Bang Aceh Luar Biasa… Salam Sukses… keren...
Afzal S. Pd,3/13/2023 13:52,5,Assalamualaikum...! Saya ingin bertanya kepada pihak bank Aceh kenapa saldo dibawah 500 ribu tidak bisa ditarik sedangkan bank BSI sampai nol rupiah bisa ditarik. Dari kartu gold Sama server sama bisa ditarik sampai nol rupiah. Mohon sistem perbaiki kembali kami merasa kecewa dengan keadaan bank milik orang Aceh seperti ini. ini tidak adil namanya padahal sama bank milik negara beda daerah sama pusat.
Dhiaul Haq,3/13/2023 11:23,1,Masih banyak sekali kekurangannya.
Yamien Ciqloz,3/8/2023 12:51,3,Mohon berhatiÂ² dalam penggunaan action mobile Karena saya telah tertipu dari pihak tidak saya kenal
Permain kata,3/8/2023 0:38,2,"Aplikasi eror Daftar nya saja susah kali, dimasukin pin masa iya tidak ditemukan Saya cek saldo di ATM saja bisa, kira jaringan saya bermasalah rupanya apk nya gak jelas, lebih susah daftar banking ini ketimbang banking lain"
Cabe Kecil,3/6/2023 12:26,1,"Kenapa kok tidak bisa di akses ya ,, katanya koneksi anda ,, koneksinya sangat bagus loh"
Neni Neni,3/6/2023 10:07,1,Sayang gak bisa daftar lewat aplikasi pembuatan rekening nya
Hendra Hendra,3/1/2023 21:54,5,Mantap
iseng iseng,3/1/2023 19:45,5,"Semuanya udah bagus, tolong tambahkan fitur top up untuk DANA biar tambah sempurna..."
Faizalul Abrar,2/28/2023 19:03,3,Tidak jelas.. Di ATM ada cardless transaction.. Di aplikasi enggak ada.. Gimana kita bisa dapat nomor transaksi
Obat Hati,2/27/2023 17:45,1,Aplikasi sering kali error
Pangeran arwana Arwana,2/26/2023 10:11,5,Kenapa enggak bisa masuk ke bank
Ainun Mardiah,2/25/2023 18:29,1,"Saya sudah daftar di aplikasi ini tapi, setiap daftar nomor verifikasi nya tidak datang."
fatmawati Arbilho,2/23/2023 9:21,5,Sangat baik
Agus Eriadi,2/22/2023 13:08,4,Tolong Sediakan Menu Tarik Tunai Tanpa Kartu!
Rahmat Zaki,2/20/2023 11:18,5,"Sangat membantu dalam transaksi perbankan dengan adanya aplikasi Action, semoga kedepannya ada tambahan fitur pembayaran tagihan PDAM untuk kabupaten Bireuen, bisa setor dan tarik tunai tanpa kartu ATM. Terimakasih."
BOYZ,2/18/2023 20:40,5,"sistem BI FAST telah berjalan baik dengan biaya transfer ke semua Bank hanya 2500 Rupiah, seperti Bank BCA, MANDIRI, BNI Dll, tingkatkan lagi pelayanan Bank Aceh, sejauh ini sudah baik, isi token listrik, pulsa dan GOPAY jg lancar ðŸ‘ðŸ‘ðŸ‘"
Teuku Raja,2/18/2023 19:17,5,Bermanfaat
Wahyu Nabawi,2/14/2023 11:16,5,Mantap bos
Yunus Lubis,2/13/2023 9:39,5,"Sukses terus,dan selalu tetap ramah"
Syaf Rizal,2/9/2023 12:33,5,sangat membantu. tapi mohon untuk top up nya di tambahkan Dana nya
Supriadi.89,2/8/2023 18:27,5,Mohon bisa top up shopeepay di sini di update versi berikutnya nantinya terima kasih
S R2 E Chanel,2/6/2023 17:46,5,Tolong tambahin top up nya ke aplikasi dana. Terimakasih.
Fatlon Blend,2/6/2023 0:04,1,Saya melakukan pembelian pulsa saldo udah terpotong tapi pulsa belum masuk
Tengku Fadli,2/5/2023 7:25,5,The best
Cut Jauhari,2/3/2023 15:46,2,Kenapa gak tetap gak bisa di buka padahal udah di update tapi tetap sama gak bisa di buka apknya kok aneh kali
Sulis Tio,2/2/2023 13:54,1,"Kemarin saya melakukan pembelian pulsa pakai Action. Pulsa nya tidak masuk, tetapi saldo rekening saya terpotong. Terus saya coba isi ulang lagi, saldo terpotong, pulsa tetap tidak masuk"
Haus Fakta,2/2/2023 7:25,3,Mau transfer suka kasi notif koneksi terputus periksa saldo padahal saldo berlebih mohon perbaikannya
R M,2/1/2023 19:53,5,Ketka tgl 1 dan 2..sllu tdak bisa digunakan ini aplikasi..knp dan mengapa...
Septi Melizar,2/1/2023 17:28,1,Sangat bagus
Viran Tika,1/31/2023 19:23,1,"Tadi saya ke bank untuk aktif kan sudah aktif tadi sampek rumah saya coba buka dah gk bisa, bilnag nya di hp ku bilng nya gk ada koneksi sedang kn tadi bisa kenpa seperti itu, sedang kan paket internet banyak... Kasih solusi nya dong"
sucita,1/31/2023 14:59,3,Kenapa ya pas di daftar malah data tidak ditemukan. Padahal udah bener. Terus dicoba berulang kali malah pin nya di blokir ðŸ˜”ðŸ˜”ðŸ˜”
Wahyu Yudi,1/28/2023 13:55,5,Sangat bagus
Bahril Barus,1/27/2023 10:25,5,Terimakasih Action mobile bank aceh mudah untuk transaksi
BNG kids,1/24/2023 18:18,1,Kenapa ya sudah 2 hari sampe tgl 23 01 2023 . Aplikasi bank aceh ngak bisa dibuka. Loading terus. Padahal data wifi full sinyal. Mohon pihak bank aceh. Cek aplikasinya. Knp bs begini. Sy jd khawatir duit saya. Sedangkan aplikasi bank bsi aja bs loading cepat. Bank aceh Makin ditambah data yg baru. Makin lelet n error gt. Tlg sgr dicek mlm ini. Krn sy mau tranfer buat keluarga ngak bs. Nanti malam sy tes buka lg.
Husnul Fikri,1/23/2023 22:52,3,"Tolong klaw menambah kan e walat nya jngan tanggung2, di tambah 1 lagi e-walet dana"
Surya miharja Miharja,1/21/2023 20:35,5,Sangat bagus
R Mulyadi,1/19/2023 13:53,5,Saldo dana shope pay juga disediakan
Bagaz Azzam,1/18/2023 23:41,3,Saya suka
Boy Darus,1/18/2023 22:54,1,Kalo paswordnya terblokir solusinya bagai mana ?
Azwar Yuri,1/18/2023 21:54,1,"Kenapa pas dibuka aplikasinya gak ada tampilan login, layar hitam yg muncul."
AGUNG WAHYUDA,1/18/2023 21:38,5,"Sangat memudahkan di Setiap Transaksi saya, dan bisa di Gunakan di mna saja tanpa Harus Ribet, semua jadi mudah dgn adanya Action Mobile Banking Bank Aceh â£ï¸"
Irpannuddin aceh,1/18/2023 20:58,5,Terimakasih Action Mobile telah membantu banyak orang dalam bertransaksi
Me Mei,1/18/2023 14:21,5,Saya belanja olshop online di sophee. Bagaimana cara bayar melalui Action mobile ya? Terimakasih bantuan jawabannyaðŸ™
Lara Sukma,1/18/2023 10:07,4,Kenapa ya setelah saya perbaharui saat saya mau buka aplikasi nya malah ga bisa. Mohon di perbaiki min
mbasyah mb,1/18/2023 0:07,5,oke
Eddy Fardiansyah,1/17/2023 19:18,3,Aplikasi sudah bbrp hari gak bisa buka.
Nur Lina,1/17/2023 17:45,4,Good
Saprida Rida,1/16/2023 12:44,5,Mantap
Asprida Kesra,1/16/2023 10:15,3,Sangat beruntung ada action mobile bank aceh. Semua akan jd lebih mudah
Nisalman official,1/15/2023 22:02,5,Sangat membantu
Ari Sandi,1/15/2023 8:54,5,Sangat membantu
RAHMAT MANAT,1/14/2023 22:12,3,Setiap mau masuk aplikasi kok nge prem melulu... Berat waktu masuk tiba2 gelap.. Thanks
surahmi emafitri,1/14/2023 19:48,5,Action mobile saya sudah dibupdate tapi masih belum bisa aktif?
Dedy F,1/13/2023 22:05,5,"Tambahkan top up E-wallet yang lengkap, dan juga fitur kirim pulsa yang manual.karena banyak yang membutuhkan kan pulsa yang minimal"
jihan nasir,1/13/2023 21:44,5,Baik dan memudahkan
Susi Susanti,1/13/2023 18:40,5,Transaksi jadi lebih mudah.. Semoga maju terus
Muhammad Taufiq,1/13/2023 14:26,5,Mantaap... mohon tambahkan layanan top up e-walet DANA
Wan Arami,1/12/2023 22:28,5,Ini baru oke. Update perlu sih tapi jangan sering2! Trims aplikasinya sangat membantu saya! ðŸ‘
Sayuddin Halim,1/12/2023 10:11,5,Sangat bagus dan memudahkan
Atjeh king Esport,1/12/2023 7:49,3,Belum bisa top up Shopee pay
yani rama,1/11/2023 21:25,4,"Action mobile sangat membantu kami yang di pedalaman dalam transaksi Transfer, namun kami selalu terkendala saat mengupdate action mobile"
Ranix Ranix,1/11/2023 19:43,5,Bagus
Randa Zuansyah,1/11/2023 11:50,5,Lanjutkan â˜ºï¸
Irma Yanti Nasution,1/11/2023 4:40,5,Kenapa tidak bisa mendownlod action bank
Nurul Fajri,1/10/2023 9:02,5,ðŸ‘
Dara Akhena,1/9/2023 23:55,4,"Saran, tolong topup Ewalletnya di tambahin DANA."
Zul Karnaini,1/9/2023 23:08,5,Bereh
mjafar far,1/9/2023 21:41,5,Maju terus bank Aceh dan tingkatkan kinerja menjadi bank syariah 100 persen
Taman Gebrina,1/9/2023 20:46,5,Ok
Eva De Mahong,1/9/2023 16:21,5,Sangat membantu
Rama Lisa,1/9/2023 15:56,5,Yayaya
Ibnu Arhas,1/9/2023 13:55,5,Sukses selalu dalam mengembankan perbankan syariah
Baifer Z Net,1/9/2023 9:43,5,Sangat bagus.. ðŸ‘
Erlina Wati,1/9/2023 8:55,5,Cepat mudah dan praktis
Zulman Parsi,1/9/2023 7:57,5,Saya usulkan untuk pembelian pulsa dengan aplikasi ini nominalnya kalau bisa manual karena kebutuhan pulsa mungkin berbeda dengan yang ada dalam nominal pilihan
Rina Desiana,1/9/2023 7:45,5,"Setiap regis langsung muncul ""sistem eror"", mohon ditindaklanjuti ðŸ™"
Dedi Saputra,1/9/2023 2:19,5,Sangat membantu
Raudhatun Najmi,1/8/2023 22:56,3,kenapa ya setelah diupdate malah aplikasinya tidak bisa dibuka?
Zashriani Zashriani,1/8/2023 20:04,5,Alhamdulillah sangat membantu
Faizatul Husna,1/8/2023 17:27,3,Oc
Selsa Nainggolan,1/8/2023 16:56,3,"Maaf kak,kenapa sekarang updatenya susah sekali ya? Mohon dipermudah kak agar bisa berfungsi kembali"
Rida Yanti,1/8/2023 16:29,5,"Alhamdulillah,sangat mempermudah ðŸ™ðŸ™ðŸ™"
Nasri Rusli,1/8/2023 14:56,5,Mantap
M Efendi Efendi,1/8/2023 13:58,3,Sangat bermanfaat
Yunus Ayavic,1/8/2023 11:49,3,Kenapa mau buka apks ini minta di update ke versi terbaru lantas ngaur diarahkan entah kemana mana minta akun lagi di play store dll kok jadi susah amat apa memang begitu ribet apa hrs gitu tolong di jelasin
Beibby Chan,1/7/2023 23:47,1,Sering kecewa...sering minta update...keselnya disitu perlu...malah gak bisa pakai
Lulu Pancarian Cibro SSi,1/7/2023 22:38,4,Luar biasa...dan senang pelayanannya....
Jhoen 77,1/7/2023 21:16,1,"Kenapa saya tidak bisa update aplikasi Action Mobile lagi, sudah saya coba gagal terus"
Bismi Mutiara,1/7/2023 20:54,5,Mencet
Nur Kembang,1/7/2023 20:35,1,Kok instal ulang gak bisa2 ya pakai lamapun gak
Nur Lela,1/7/2023 20:34,4,Semoga swmakin meningkat layanan dan informasi ter update.
Khairul Anwar,1/7/2023 20:17,3,"Fiturnya semakin lengkap ya, sudah ada SKN, RTGS, dan BIFast, semoga kedepannya ada top up DANA dan bisa bayar marketplace (shopee dkk)"
Mia Mia,1/7/2023 20:07,5,Memuaskan
Wira Irayani,1/7/2023 20:04,1,"jujur saya tdak suka klo sebulan harus install versi baru dalm sebulan 2kli..knpa gx setahun sekali aja...knpa keseringan update ni,,kwalahan saya harus buka buku lgi pas isi kodeðŸ¤¦ðŸ¼â€â™€ï¸"
Sanusi ali,1/7/2023 19:52,5,Oke
Asmira brpinim,1/7/2023 19:46,3,"Mau d update, tp gk bisa sudah berapa kali, giliran perlu pula mau tf uang.."
Khamsi Zahrani,1/7/2023 19:43,3,Saya sudah tua jadi bingung disuruh instal instal ðŸ˜žðŸ˜žðŸ˜ž
Syahpudin Ujung,1/7/2023 18:31,5,Mantap
muttaqin ibra,1/7/2023 18:16,5,Pelayanan callcenternya baik dan ramah serta menguasai aplikasi action mobile
Zulkini M.Husen,1/7/2023 18:07,5,Sangat berguna
Nurhidayah Dayah,1/7/2023 17:15,5,Bagus
Maria Ulfa,1/7/2023 16:27,5,Bagus...dan usulan untuk transfer beda bank biaya a di perkecil 2500 tq
Zulmy Wahyu,1/7/2023 16:23,5,Tambahkan shopee pay thanks
Febriyansah Ramadhan,1/7/2023 15:50,5,Baik
zainal ariga channel,1/7/2023 15:32,5,Bagus
Vieo Rafael,1/7/2023 13:10,4,Udah bagus
Arnov Suasanaseger,1/7/2023 12:56,1,"Mau update saja ribet sekali, tidak seperti Bank Nasional lainnya, update itu ya tinggal tekan update langsung terinstal dong seperti Bank lainnya ðŸ¤¦â€â™‚ï¸ðŸ˜”"
wildan sastra,1/7/2023 12:35,1,"Disuruh update aplikasi, tetapi gak bisa"
Ismahadi Forester Channel,1/7/2023 12:21,4,"Setelah di minta update, tapi setelah di update, nggak bisa masuk lagi ke action mobile"
Rahayu Atila,1/7/2023 12:19,1,Ga bisa di download
Martina Tilopa Adelina,1/7/2023 12:15,1,"Kenpa instal harus diperangkat lain, knp bukan diperangkat yg dgunakan, tolong lah kita mau cepat malah dibuat ribet"
zakaria rsud,1/7/2023 11:13,1,Sy di Minta Untuk UPDATE Tapi Tidak bisa Di UPDATE...Lama2 Pingin Pindah BANK
1RWANSYAH81 -,1/7/2023 10:59,5,Keren
wanti rahmawati,1/7/2023 10:02,2,Bagus
ahmad amri,1/7/2023 9:52,5,Mantap
dedi rady,1/7/2023 9:14,1,Mantap
Jek Ki,1/7/2023 8:20,1,"Gak jelas, update gk bisa,"
ilham aulia,1/7/2023 8:18,5,Transaksi lebih mudah menggunakan action
Ihwanul Hakim,1/7/2023 7:53,5,"Saya suka dengan fitur baru, yg bisa mengirimkan riwayat transaksi bulanan ke email."
sri Nuryati,1/7/2023 6:59,1,Tidak bisa update
nur asmaniah,1/7/2023 6:18,5,Dengan aplikasi action mobile saya sangat mudah transaksi dengan pihak lain tidak antri dibank
Mardiyah Imar,1/7/2023 5:53,5,Bagus sangat membantu
ABY NAYA ACEH,1/7/2023 5:31,5,sangat membantu saya
Haris Kanzia,1/7/2023 1:25,5,Susah Update-nya
Hape Hape,1/6/2023 23:52,1,Jelek
Ismail Hamid (kopral),1/6/2023 23:17,5,Ok
SYAHRUL T,1/6/2023 23:16,2,Aneh
Pantauan Drone Aceh,1/6/2023 23:01,5,mantap
Molida Molida,1/3/2023 13:30,2,Sy mau tanya kenapa susah buka aplikasi e banking ya Sy buka reg pakai no hp yg sama dan Gmail jg sama kok keluarnya data TDK di temukan Waktu sy daftar apa hrus ke bank daftar nya???? Bank lain bs buat sendiri
Ida Nurmawan,1/3/2023 12:12,3,Untuk pengguna Oppo tidak berhasil digunakan semoga lebih baik lagi
